City_ID,City,Country,Date,Lat,Lng,Max Temp,Humidity,Cloudiness,Wind Speed
0,Yeppoon,AU,2022-06-15 12:22:24,-23.1333,150.7333,64.18,86,36,5.84
1,Hermanus,ZA,2022-06-15 12:26:44,-34.4187,19.2345,58.8,54,23,5.5
2,Nikolskoye,RU,2022-06-15 12:26:44,59.7035,30.7861,59.79,91,81,10.07
3,Sinnamary,GF,2022-06-15 12:26:45,5.3833,-52.95,80.87,76,42,10.25
4,Bengkulu,ID,2022-06-15 12:25:32,-3.8004,102.2655,78.96,81,88,3.33
5,Albany,US,2022-06-15 12:25:29,42.6001,-73.9662,69.58,73,17,2.62
6,Tyup,KG,2022-06-15 12:26:46,42.7276,78.3648,63.32,68,76,3.29
7,Male,MV,2022-06-15 12:26:48,4.1748,73.5089,85.95,79,75,11.5
8,Nuuk,GL,2022-06-15 12:26:49,64.1835,-51.7216,39.81,56,40,13.8
9,Bilma,NE,2022-06-15 12:26:49,18.6853,12.9164,103.95,18,32,4.34
10,Ushuaia,AR,2022-06-15 12:22:01,-54.8,-68.3,42.46,95,0,2.3
11,Athmallik,IN,2022-06-15 12:26:50,20.7219,84.5348,88.93,58,95,10.85
12,Marawi,PH,2022-06-15 12:26:52,7.9986,124.2928,70.32,90,62,2.3
13,Rikitea,PF,2022-06-15 12:25:14,-23.1203,-134.9692,72.64,69,25,4.97
14,Barrow,US,2022-06-15 12:26:53,71.2906,-156.7887,33.82,93,100,9.22
15,Cotonou,BJ,2022-06-15 12:26:24,6.3654,2.4183,75.18,100,75,11.5
16,Busselton,AU,2022-06-15 12:25:23,-33.65,115.3333,62.71,76,94,12.71
17,Ust-Nera,RU,2022-06-15 12:26:54,64.5667,143.2,48.92,90,100,4.38
18,Victoria,HK,2022-06-15 12:26:04,22.2855,114.1577,84.38,86,96,5.99
19,Petropavlovsk-Kamchatskiy,RU,2022-06-15 12:26:55,53.0452,158.6483,43.39,100,75,8.95
20,Samarai,PG,2022-06-15 12:26:56,-10.6167,150.6667,79.41,84,100,10.6
21,Shirvan,AZ,2022-06-15 12:26:56,39.9509,48.8994,92.62,30,4,12.71
22,Narsaq,GL,2022-06-15 12:26:57,60.9167,-46.05,52.02,63,69,9.55
23,Sabzevar,IR,2022-06-15 12:26:58,36.2126,57.6819,103.28,8,20,18.41
24,Ribeira Grande,PT,2022-06-15 12:26:58,38.5167,-28.7,68.4,83,40,16.11
25,Luderitz,NA,2022-06-15 12:26:59,-26.6481,15.1594,67.96,34,0,14.74
26,Hobart,AU,2022-06-15 12:26:59,-42.8794,147.3294,47.26,96,75,4.61
27,Qaanaaq,GL,2022-06-15 12:27:00,77.484,-69.3632,28.0,68,74,3.04
28,Basco,PH,2022-06-15 12:27:00,20.4487,121.9702,84.67,72,100,1.36
29,Faanui,PF,2022-06-15 12:25:19,-16.4833,-151.75,80.13,70,66,21.56
30,Karratha,AU,2022-06-15 12:27:01,-20.7377,116.8463,75.47,66,17,7.14
31,Mataura,NZ,2022-06-15 12:25:25,-46.1927,168.8643,43.48,94,97,5.86
32,Puerto Ayora,EC,2022-06-15 12:27:02,-0.7393,-90.3518,71.55,92,88,8.01
33,Los Llanos De Aridane,ES,2022-06-15 12:26:10,28.6585,-17.9182,71.35,75,40,11.5
34,Shingu,JP,2022-06-15 12:27:03,33.7333,135.9833,69.1,91,100,5.08
35,Acarau,BR,2022-06-15 12:27:04,-2.8856,-40.12,79.21,68,11,14.14
36,Saskylakh,RU,2022-06-15 12:27:04,71.9167,114.0833,52.9,37,7,9.75
37,Mosquera,CO,2022-06-15 12:27:05,4.7059,-74.2302,51.89,100,75,4.61
38,Pirenopolis,BR,2022-06-15 12:27:05,-15.8525,-48.9592,72.09,60,89,6.98
39,Coos Bay,US,2022-06-15 12:27:06,43.3665,-124.2179,49.93,97,40,0.0
40,Novoagansk,RU,2022-06-15 12:27:08,61.9449,76.6625,62.91,77,99,8.57
41,Souillac,MU,2022-06-15 12:25:29,-20.5167,57.5167,73.78,83,75,13.8
42,Columbia,US,2022-06-15 12:27:09,34.0007,-81.0348,80.89,88,0,0.0
43,Winslow,US,2022-06-15 12:28:10,35.0242,-110.6974,59.18,31,0,4.61
44,Anloga,GH,2022-06-15 12:28:10,5.7947,0.8973,81.18,77,100,12.95
45,Kapaa,US,2022-06-15 12:28:11,22.0752,-159.319,76.98,96,100,13.8
46,Yellowknife,CA,2022-06-15 12:25:17,62.456,-114.3525,59.56,67,20,6.91
47,Nioro,GM,2022-06-15 12:28:12,13.35,-15.75,85.48,61,100,8.08
48,Salalah,OM,2022-06-15 12:25:52,17.0151,54.0924,87.89,74,75,17.27
49,Punta Arenas,CL,2022-06-15 12:24:02,-53.15,-70.9167,42.91,75,40,18.41
50,Chuy,UY,2022-06-15 12:25:13,-33.6971,-53.4616,51.58,81,6,2.44
51,Ahipara,NZ,2022-06-15 12:28:13,-35.1667,173.1667,57.54,68,52,8.99
52,Isangel,VU,2022-06-15 12:28:14,-19.55,169.2667,69.91,94,60,1.14
53,Port Alfred,ZA,2022-06-15 12:28:14,-33.5906,26.891,56.17,61,73,14.0
54,Chapada Dos Guimaraes,BR,2022-06-15 12:28:15,-15.4606,-55.7497,60.46,49,5,2.64
55,Thompson,CA,2022-06-15 12:25:33,55.7435,-97.8558,60.96,100,100,5.75
56,Pevek,RU,2022-06-15 12:25:00,69.7008,170.3133,29.95,83,2,1.12
57,Trairi,BR,2022-06-15 12:26:56,-3.2778,-39.2689,79.56,68,61,11.56
58,Westport,US,2022-06-15 12:28:17,41.1415,-73.3579,74.53,65,0,9.22
59,Esperance,AU,2022-06-15 12:25:27,-33.8667,121.9,57.51,59,0,10.33
60,Tuatapere,NZ,2022-06-15 12:28:18,-46.1333,167.6833,43.52,91,95,6.17
61,Upernavik,GL,2022-06-15 12:28:18,72.7868,-56.1549,28.22,64,51,3.98
62,Faya,SA,2022-06-15 12:28:19,18.3851,42.4509,88.32,12,15,10.83
63,Saint-Leu,RE,2022-06-15 12:28:19,-21.15,55.2833,75.31,69,17,7.54
64,Labytnangi,RU,2022-06-15 12:25:01,66.6572,66.4183,72.81,26,24,11.01
65,Flin Flon,CA,2022-06-15 12:28:21,54.7682,-101.865,51.64,93,100,6.91
66,Torbay,CA,2022-06-15 12:28:22,47.6666,-52.7314,52.57,62,75,9.22
67,Seoul,KR,2022-06-15 12:24:07,37.5683,126.9778,67.6,88,100,4.61
68,Kodiak,US,2022-06-15 12:28:23,57.79,-152.4072,51.31,87,100,6.91
69,Clyde River,CA,2022-06-15 12:28:23,70.4692,-68.5914,37.63,93,100,9.22
70,Yar-Sale,RU,2022-06-15 12:28:24,66.8333,70.8333,69.33,35,51,11.5
71,Bredasdorp,ZA,2022-06-15 12:28:24,-34.5322,20.0403,57.09,52,12,8.88
72,Castro,BR,2022-06-15 12:25:30,-24.7911,-50.0119,50.59,84,94,3.51
73,Ponta Do Sol,PT,2022-06-15 12:28:25,32.6667,-17.1,77.72,71,41,13.85
74,Tiksi,RU,2022-06-15 12:28:26,71.6872,128.8694,38.03,80,71,12.01
75,Hithadhoo,MV,2022-06-15 12:25:34,-0.6,73.0833,82.56,70,66,4.68
76,Kajaani,FI,2022-06-15 12:26:56,64.2273,27.7285,60.85,82,100,2.3
77,Kieta,PG,2022-06-15 12:28:27,-6.2167,155.6333,78.48,84,100,4.41
78,Vila Velha,BR,2022-06-15 12:28:28,-20.3297,-40.2925,70.95,63,97,5.99
79,Palu,ID,2022-06-15 12:28:28,-0.8917,119.8707,76.33,96,76,2.98
80,Lompoc,US,2022-06-15 12:28:29,34.6391,-120.4579,62.78,89,40,0.0
81,Champasak,LA,2022-06-15 12:28:29,14.75,106.0,83.28,89,100,0.54
82,Lazaro Cardenas,MX,2022-06-15 12:28:30,17.9583,-102.2,76.73,87,100,6.08
83,Keti Bandar,PK,2022-06-15 12:28:30,24.1447,67.4497,87.55,70,23,17.27
84,Gorontalo,ID,2022-06-15 12:28:31,0.5412,123.0595,75.69,96,99,1.95
85,Atuona,PF,2022-06-15 12:28:31,-9.8,-139.0333,78.24,67,31,20.87
86,Kavieng,PG,2022-06-15 12:28:32,-2.5744,150.7967,82.09,77,77,11.01
87,Brookings,US,2022-06-15 12:28:32,44.3114,-96.7984,60.12,99,100,14.97
88,Airai,TL,2022-06-15 12:28:33,-8.9266,125.4092,58.41,89,80,3.04
89,Muros,ES,2022-06-15 12:28:33,42.7762,-9.0603,76.08,70,88,7.99
90,New Norfolk,AU,2022-06-15 12:28:34,-42.7826,147.0587,46.92,88,100,1.03
91,Bull Savanna,JM,2022-06-15 12:28:34,17.8868,-77.5902,75.18,78,83,6.02
92,Islahiye,TR,2022-06-15 12:29:35,37.025,36.6306,82.27,44,19,9.93
93,Hasaki,JP,2022-06-15 12:29:35,35.7333,140.8333,64.8,88,100,7.29
94,Ponta Delgada,PT,2022-06-15 12:25:44,37.7333,-25.6667,72.5,100,75,13.8
95,Cayeli,TR,2022-06-15 12:29:37,41.0923,40.7292,73.69,72,93,2.19
96,Cape Town,ZA,2022-06-15 12:21:11,-33.9258,18.4232,63.37,61,75,9.22
97,Sao Joao Da Barra,BR,2022-06-15 12:29:38,-21.6403,-41.0511,66.29,66,53,5.59
98,Mount Gambier,AU,2022-06-15 12:29:39,-37.8333,140.7667,53.51,94,100,12.66
99,Cidreira,BR,2022-06-15 12:29:40,-30.1811,-50.2056,58.15,82,1,3.4
100,Puerto Narino,CO,2022-06-15 12:29:41,-3.7703,-70.3831,72.01,88,92,0.25
101,Coquimbo,CL,2022-06-15 12:26:40,-29.9533,-71.3436,44.33,87,40,6.91
102,Butaritari,KI,2022-06-15 12:25:21,3.0707,172.7902,82.36,72,91,12.26
103,Prieska,ZA,2022-06-15 12:29:42,-29.6641,22.7474,53.64,33,57,10.56
104,Cockburn Town,TC,2022-06-15 12:29:43,21.4612,-71.1419,80.92,76,1,18.05
105,Arraial Do Cabo,BR,2022-06-15 12:29:44,-22.9661,-42.0278,69.76,68,40,5.75
106,Pisco,PE,2022-06-15 12:29:44,-13.7,-76.2167,59.05,77,100,3.44
107,Axim,GH,2022-06-15 12:29:45,4.8699,-2.2405,76.35,90,95,10.36
108,Bluff,NZ,2022-06-15 12:25:15,-46.6,168.3333,43.81,77,99,20.65
109,Xian,CN,2022-06-15 12:29:46,34.2583,108.9286,92.21,20,0,6.89
110,Vaini,TO,2022-06-15 12:25:31,-21.2,-175.2,71.76,94,20,4.61
111,Brookhaven,US,2022-06-15 12:29:47,31.5791,-90.4407,74.86,91,8,3.27
112,Bethel,US,2022-06-15 12:25:10,41.3712,-73.414,73.76,71,0,6.91
113,Deputatskiy,RU,2022-06-15 12:29:48,69.3,139.9,59.07,44,75,10.38
114,Odweyne,SO,2022-06-15 12:29:48,9.4092,45.064,90.18,29,4,21.32
115,Sibolga,ID,2022-06-15 12:29:49,1.7427,98.7792,76.73,86,97,1.63
116,Lebu,CL,2022-06-15 12:29:49,-37.6167,-73.65,50.5,89,45,4.94
117,Tasiilaq,GL,2022-06-15 12:29:50,65.6145,-37.6368,41.16,97,100,14.12
118,Bambanglipuro,ID,2022-06-15 12:29:50,-7.95,110.2833,79.61,84,99,5.35
119,Kaitangata,NZ,2022-06-15 12:29:51,-46.2817,169.8464,45.75,86,94,10.74
120,Mar Del Plata,AR,2022-06-15 12:29:10,-38.0023,-57.5575,50.09,88,87,1.99
121,Opuwo,NA,2022-06-15 12:29:52,-18.0607,13.84,78.6,14,0,8.28
122,Presque Isle,US,2022-06-15 12:29:52,46.6811,-68.0159,59.29,94,100,5.75
123,Yulara,AU,2022-06-15 12:29:53,-25.2406,130.9889,62.73,44,37,6.33
124,Nueva Concepcion,GT,2022-06-15 12:29:53,14.2,-91.3,73.13,94,100,3.4
125,Ordzhonikidze,KZ,2022-06-15 12:29:54,52.4411,61.7408,77.4,32,9,7.02
126,Ayan,RU,2022-06-15 12:29:54,56.45,138.1667,41.54,94,92,5.17
127,Huittinen,FI,2022-06-15 12:29:16,61.1833,22.7,67.41,41,5,14.7
128,Kununurra,AU,2022-06-15 12:29:55,-15.7667,128.7333,60.78,55,50,2.3
129,Broome,US,2022-06-15 12:29:56,42.2506,-75.833,68.07,78,0,1.01
130,Kamenka,RU,2022-06-15 12:29:57,51.3223,42.7678,67.35,86,100,7.11
131,Chifeng,CN,2022-06-15 12:29:57,42.2683,118.9636,68.77,58,74,4.29
132,East London,ZA,2022-06-15 12:29:58,-33.0153,27.9116,58.14,51,20,27.63
133,Kulhudhuffushi,MV,2022-06-15 12:29:58,6.6221,73.07,83.25,76,97,16.33
134,Hofn,IS,2022-06-15 12:29:58,64.2539,-15.2082,53.62,62,100,4.61
135,Durango,MX,2022-06-15 12:28:48,24.8333,-104.8333,67.91,45,61,4.94
136,North Bend,US,2022-06-15 12:25:27,43.4065,-124.2243,49.86,97,40,0.0
137,Rosamorada,MX,2022-06-15 12:31:01,22.1222,-105.2058,76.77,79,55,1.77
138,Alice Springs,AU,2022-06-15 12:30:44,-23.7,133.8833,51.35,62,5,0.0
139,Cayenne,GF,2022-06-15 12:30:29,4.9333,-52.3333,86.09,32,75,2.3
140,Husavik,IS,2022-06-15 12:31:02,66.0449,-17.3389,54.93,62,33,2.66
141,Masterton,NZ,2022-06-15 12:31:03,-40.9597,175.6575,54.88,73,91,7.92
142,Amahai,ID,2022-06-15 12:31:04,-3.3333,128.9167,78.6,86,100,5.37
143,Lamar,US,2022-06-15 12:31:04,33.6668,-95.5836,79.65,83,100,9.22
144,Woodend,NZ,2022-06-15 12:31:05,-43.3167,172.6667,37.94,85,18,3.06
145,Meulaboh,ID,2022-06-15 12:31:05,4.1363,96.1285,75.96,89,100,5.91
146,Paragominas,BR,2022-06-15 12:31:06,-2.9667,-47.4833,81.19,68,98,6.26
147,Veraval,IN,2022-06-15 12:31:06,20.9,70.3667,87.21,72,9,13.29
148,Celendin,PE,2022-06-15 12:31:07,-6.8703,-78.1517,43.32,76,14,1.12
149,Niksic,ME,2022-06-15 12:31:08,42.7731,18.9445,77.67,44,0,4.79
150,Filingue,NE,2022-06-15 12:31:08,14.3521,3.3168,102.2,26,92,9.84
151,Szob,HU,2022-06-15 12:31:09,47.8192,18.8702,81.55,39,65,2.68
152,Fairbanks,US,2022-06-15 12:29:27,64.8378,-147.7164,53.6,83,40,4.61
153,Sawakin,SD,2022-06-15 12:31:10,19.1059,37.3321,92.77,42,70,11.1
154,Alta Gracia,AR,2022-06-15 12:31:10,-31.6529,-64.4283,49.55,36,53,2.39
155,La Ronge,CA,2022-06-15 12:31:11,55.1001,-105.2842,53.85,94,100,6.91
156,Tayu,ID,2022-06-15 12:31:11,-6.5397,111.0518,80.85,84,19,9.1
157,Constitucion,CL,2022-06-15 12:31:12,-35.3333,-72.4167,50.41,85,3,3.11
158,Pacific Grove,US,2022-06-15 12:31:13,36.6177,-121.9166,53.28,91,0,5.01
159,Santiago,CL,2022-06-15 12:31:13,-33.4569,-70.6483,46.85,77,20,1.14
160,Provideniya,RU,2022-06-15 12:31:14,64.3833,-173.3,36.27,87,78,6.78
161,Praia,CV,2022-06-15 12:31:14,14.9215,-23.5087,79.34,65,40,16.11
162,Poum,NC,2022-06-15 12:31:15,-20.2333,164.0167,76.66,81,1,13.09
163,Pangkalanbuun,ID,2022-06-15 12:31:15,-2.6833,111.6167,76.28,94,61,3.06
164,Aktash,RU,2022-06-15 12:31:16,50.3,87.7333,53.56,70,83,2.01
165,Grand-Bourg,GP,2022-06-15 12:31:16,15.8835,-61.3148,82.35,79,100,19.39
166,Carnarvon,AU,2022-06-15 12:25:20,-24.8667,113.6333,69.87,94,100,11.5
167,Half Moon Bay,US,2022-06-15 12:31:17,37.4636,-122.4286,60.96,79,0,6.91
168,Ucluelet,CA,2022-06-15 12:31:18,48.9329,-125.5528,51.1,87,100,4.94
169,Rio Verde De Mato Grosso,BR,2022-06-15 12:31:18,-18.9181,-54.8442,75.87,43,0,6.24
170,Kudahuvadhoo,MV,2022-06-15 12:31:19,2.6708,72.8944,84.25,70,100,10.58
171,Puerto Baquerizo Moreno,EC,2022-06-15 12:31:19,-0.9,-89.6,70.75,81,54,15.41
172,Portland,US,2022-06-15 12:31:20,45.5234,-122.6762,51.75,87,75,4.61
173,Saldanha,ZA,2022-06-15 12:31:20,-33.0117,17.9442,57.67,53,4,3.24
174,Saint George,US,2022-06-15 12:31:21,37.1041,-113.5841,70.39,19,0,9.22
175,Khatanga,RU,2022-06-15 12:31:22,71.9667,102.5,63.39,31,10,12.01
176,Severo-Yeniseyskiy,RU,2022-06-15 12:31:22,60.3725,93.0408,56.61,92,100,4.0
177,Teonthar,IN,2022-06-15 12:31:23,24.9833,81.65,91.42,51,74,24.92
178,Tuktoyaktuk,CA,2022-06-15 12:31:24,69.4541,-133.0374,35.49,76,10,8.32
179,Broken Hill,AU,2022-06-15 12:32:25,-31.95,141.4333,55.74,73,100,10.89
180,Havre-Saint-Pierre,CA,2022-06-15 12:32:25,50.2334,-63.5986,66.56,59,20,5.75
181,San Carlos De Bariloche,AR,2022-06-15 12:30:36,-41.1456,-71.3082,32.25,86,100,2.91
182,Komsomolskiy,UZ,2022-06-15 12:32:26,40.4272,71.7189,90.32,20,100,18.41
183,Saint-Philippe,RE,2022-06-15 12:32:27,-21.3585,55.7679,74.79,83,35,13.8
184,Port Elizabeth,ZA,2022-06-15 12:32:27,-33.918,25.5701,51.31,84,40,19.57
185,Ocampo,MX,2022-06-15 12:32:28,21.65,-101.5,57.2,82,100,15.12
186,Baykit,RU,2022-06-15 12:32:29,61.67,96.37,68.38,75,100,4.29
187,Camacha,PT,2022-06-15 12:32:29,33.0833,-16.3333,69.22,64,20,24.16
188,Kruisfontein,ZA,2022-06-15 12:32:30,-34.0033,24.7314,47.88,63,19,20.85
189,Ust-Kulom,RU,2022-06-15 12:32:30,61.6864,53.6902,76.35,31,100,0.87
190,Juneau,US,2022-06-15 12:32:31,58.3019,-134.4197,47.21,96,88,4.63
191,Lewisville,US,2022-06-15 12:32:31,33.0462,-96.9942,81.03,78,100,16.11
192,Ukiah,US,2022-06-15 12:32:32,39.1502,-123.2078,60.64,84,0,0.0
193,Brigantine,US,2022-06-15 12:32:32,39.4101,-74.3646,76.03,77,0,4.61
194,Rutana,BI,2022-06-15 12:32:33,-3.8667,30.1,71.24,52,97,3.76
195,Savannakhet,LA,2022-06-15 12:32:33,16.566,104.751,86.02,74,40,2.3
196,Georgetown,MY,2022-06-15 12:29:12,5.4112,100.3354,84.13,86,40,3.44
197,Buala,SB,2022-06-15 12:32:35,-8.145,159.5921,80.22,83,100,10.11
198,Tabas,IR,2022-06-15 12:32:36,33.5959,56.9244,109.02,6,0,7.94
199,Padang,ID,2022-06-15 12:30:19,-0.9492,100.3543,75.25,85,100,3.51
200,Thatta,PK,2022-06-15 12:32:37,24.7475,67.9235,90.99,54,9,21.23
201,Deori,IN,2022-06-15 12:32:37,21.45,82.6167,94.37,38,100,3.0
202,Moindou,NC,2022-06-15 12:32:38,-21.6924,165.677,73.76,86,8,4.54
203,Manzhouli,CN,2022-06-15 12:29:37,49.6,117.4333,65.05,68,77,5.17
204,Kahului,US,2022-06-15 12:32:39,20.8947,-156.47,76.84,73,20,12.66
205,Chokurdakh,RU,2022-06-15 12:32:40,70.6333,147.9167,63.52,32,100,10.04
206,Vila,PT,2022-06-15 12:32:41,42.0304,-8.1588,70.68,29,100,1.83
207,Eregli,TR,2022-06-15 12:32:41,37.5133,34.0467,77.27,33,3,5.84
208,Pryluky,UA,2022-06-15 12:29:15,50.5932,32.3876,68.76,45,17,10.69
209,Novyye Burasy,RU,2022-06-15 12:32:42,52.1324,46.0714,77.41,49,36,12.03
210,Nantucket,US,2022-06-15 12:32:43,41.2835,-70.0995,66.99,77,0,16.11
211,Kirkland Lake,CA,2022-06-15 12:32:44,48.1446,-80.0377,61.09,88,100,6.46
212,Srednekolymsk,RU,2022-06-15 12:32:44,67.45,153.6833,60.64,41,14,5.03
213,Coihaique,CL,2022-06-15 12:32:45,-45.5752,-72.0662,37.35,93,75,6.91
214,Swan River,CA,2022-06-15 12:32:45,52.1058,-101.2676,51.69,82,11,5.75
215,Nacala,MZ,2022-06-15 12:32:46,-14.5428,40.6728,80.83,56,18,9.35
216,Gigmoto,PH,2022-06-15 12:32:46,13.7796,124.39,82.17,81,20,9.4
217,Calafell,ES,2022-06-15 12:32:47,41.2,1.5683,98.24,63,0,10.8
218,Serov,RU,2022-06-15 12:32:47,59.6033,60.5787,73.69,43,8,8.12
219,Pivijay,CO,2022-06-15 12:32:48,10.4617,-74.6162,79.29,80,50,6.69
220,Alofi,NU,2022-06-15 12:32:48,-19.0595,-169.9187,73.29,94,62,10.36
221,Mazagao,BR,2022-06-15 12:32:49,-0.115,-51.2894,84.25,80,98,5.79
222,Cabo San Lucas,MX,2022-06-15 12:32:49,22.8909,-109.9124,79.11,52,0,3.44
223,Matara,LK,2022-06-15 12:31:12,5.9485,80.5353,79.43,84,100,6.13
224,Lata,PT,2022-06-15 12:33:51,40.1629,-8.3327,86.49,50,100,4.0
225,Jamestown,US,2022-06-15 12:25:26,42.097,-79.2353,72.99,87,12,5.01
226,Talnakh,RU,2022-06-15 12:33:52,69.4865,88.3972,76.21,42,98,14.83
227,Beringovskiy,RU,2022-06-15 12:30:41,63.05,179.3167,38.59,88,13,4.99
228,Laguna,US,2022-06-15 12:33:53,38.421,-121.4238,66.33,63,0,5.75
229,Tougan,BF,2022-06-15 12:33:54,13.0667,-3.0667,98.87,29,100,9.24
230,Khasan,RU,2022-06-15 12:33:55,42.4308,130.6434,53.73,98,100,3.83
231,Kalmunai,LK,2022-06-15 12:33:55,7.4167,81.8167,82.58,77,100,11.05
232,Puerto Carreno,CO,2022-06-15 12:33:56,6.189,-67.4859,75.18,94,40,2.3
233,Tansen,NP,2022-06-15 12:33:57,27.8673,83.5467,79.74,48,95,5.35
234,Ancud,CL,2022-06-15 12:33:57,-41.8697,-73.8203,46.22,93,22,4.07
235,Cap Malheureux,MU,2022-06-15 12:33:58,-19.9842,57.6142,76.46,67,2,8.99
236,Santa Isabel Do Rio Negro,BR,2022-06-15 12:33:58,-0.4139,-65.0192,75.04,91,90,1.83
237,Tezu,IN,2022-06-15 12:33:59,27.9167,96.1667,72.48,99,100,3.04
238,Bereda,ES,2022-06-15 12:33:59,43.2686,-7.5406,94.53,22,33,1.59
239,Kampong Cham,KH,2022-06-15 12:31:21,11.9934,105.4635,82.62,75,100,4.72
240,Ust-Ordynskiy,RU,2022-06-15 12:34:00,52.805,104.7508,66.92,72,100,4.72
241,Sur,OM,2022-06-15 12:30:18,22.5667,59.5289,95.13,49,6,6.04
242,Rodrigues Alves,BR,2022-06-15 12:34:02,-7.738,-72.6509,62.8,64,41,0.63
243,Fougamou,GA,2022-06-15 12:34:02,-1.2154,10.5838,88.41,52,98,3.06
244,Hobyo,SO,2022-06-15 12:34:03,5.3505,48.5268,82.85,70,95,31.34
245,Thinadhoo,MV,2022-06-15 12:34:03,0.5333,72.9333,84.07,70,92,7.65
246,Vysokogornyy,RU,2022-06-15 12:34:04,50.1167,139.15,57.79,83,57,1.21
247,Sitka,US,2022-06-15 12:34:04,57.0531,-135.33,48.09,87,75,3.44
248,Fort Saint James,CA,2022-06-15 12:34:05,54.4333,-124.25,44.71,79,6,3.56
249,Mayo,US,2022-06-15 12:34:06,38.8876,-76.5119,79.18,82,0,3.44
250,Sao Filipe,CV,2022-06-15 12:34:06,14.8961,-24.4956,74.62,81,23,8.93
251,Danielskuil,ZA,2022-06-15 12:34:07,-28.1887,23.5395,48.36,41,1,12.21
252,Aklavik,CA,2022-06-15 12:34:08,68.2191,-135.0107,46.04,59,22,6.38
253,Atar,MR,2022-06-15 12:34:08,20.5169,-13.0499,103.51,21,6,6.06
254,Ballina,AU,2022-06-15 12:34:09,-28.8667,153.5667,58.01,99,0,6.51
255,Isla Vista,US,2022-06-15 12:34:09,34.4133,-119.861,68.92,75,0,0.0
256,Bonito,BR,2022-06-15 12:34:10,-21.1211,-56.4819,69.49,46,0,5.66
257,Knysna,ZA,2022-06-15 12:34:10,-34.0363,23.0471,53.98,73,42,13.27
258,Pinega,RU,2022-06-15 12:34:11,64.7001,43.3936,73.47,38,100,8.25
259,Kaohsiung,TW,2022-06-15 12:33:23,22.6163,120.3133,84.15,81,75,4.61
260,Fukue,JP,2022-06-15 12:34:12,32.6881,128.8419,71.6,87,100,10.45
261,Kungurtug,RU,2022-06-15 12:34:12,50.5994,97.5228,67.24,62,98,2.62
262,Pundaguitan,PH,2022-06-15 12:34:13,6.3711,126.1689,82.9,77,31,13.13
263,Lac Du Bonnet,CA,2022-06-15 12:34:14,50.2536,-96.0612,59.2,89,0,9.24
264,Baoying,CN,2022-06-15 12:34:14,33.2292,119.3092,80.4,42,73,13.27
265,Alugan,PH,2022-06-15 12:34:15,12.2188,125.4808,82.29,77,11,10.16
266,Pangnirtung,CA,2022-06-15 12:34:15,66.1451,-65.7125,39.2,87,100,0.0
267,Vryburg,ZA,2022-06-15 12:34:16,-26.9566,24.7284,55.0,33,6,11.48
268,Koungou,YT,2022-06-15 12:35:17,-12.7336,45.2042,82.11,74,0,5.75
269,Churapcha,RU,2022-06-15 12:35:18,62.0025,132.4325,52.61,91,98,2.08
270,Longyearbyen,SJ,2022-06-15 12:35:19,78.2186,15.6401,40.84,70,75,13.8
271,Emerald,AU,2022-06-15 12:35:19,-23.5333,148.1667,61.66,73,100,6.46
272,Hilo,US,2022-06-15 12:35:20,19.7297,-155.09,73.27,76,75,8.05
273,Turukhansk,RU,2022-06-15 12:35:21,65.8167,87.9833,75.76,46,100,8.37
274,Camana,PE,2022-06-15 12:35:21,-16.6228,-72.7111,61.81,84,60,8.34
275,Maldonado,UY,2022-06-15 12:35:22,-34.6667,-54.9167,53.22,78,100,4.21
276,Gazli,UZ,2022-06-15 12:35:22,40.1333,63.45,99.84,13,0,14.97
277,Awjilah,LY,2022-06-15 12:35:23,29.1081,21.2869,92.86,22,0,6.42
278,Wuda,CN,2022-06-15 12:35:23,39.4994,106.7117,88.14,10,0,8.88
279,Presidente Medici,BR,2022-06-15 12:35:24,-11.1753,-61.9014,76.62,69,8,1.3
280,Oksfjord,NO,2022-06-15 12:35:24,70.2396,22.3479,48.38,73,100,5.88
281,Codrington,AU,2022-06-15 12:35:25,-38.2667,141.9667,55.63,89,97,17.96
282,Northam,GB,2022-06-15 12:35:25,51.0333,-4.2167,62.62,74,96,7.27
283,Bondo,CD,2022-06-15 12:35:26,3.8146,23.6866,91.13,41,100,1.5
284,Nelson Bay,AU,2022-06-15 12:35:26,-32.7167,152.15,53.01,90,0,6.4
285,Krupina,SK,2022-06-15 12:35:27,48.3554,19.0647,77.45,42,44,7.02
286,Saint Anthony,US,2022-06-15 12:35:27,45.0205,-93.218,71.78,78,40,5.75
287,Vardo,NO,2022-06-15 12:35:28,70.3705,31.1107,46.38,81,75,10.36
288,Avarua,CK,2022-06-15 12:35:28,-21.2078,-159.775,77.05,78,75,8.05
289,Vanimo,PG,2022-06-15 12:35:29,-2.6741,141.3028,79.86,85,89,6.22
290,Norman Wells,CA,2022-06-15 12:35:29,65.282,-126.8329,44.64,93,75,9.22
291,Bonfim,BR,2022-06-15 12:35:30,3.0833,-59.95,79.9,77,14,4.0
292,Muli,MV,2022-06-15 12:35:30,2.9167,73.5667,84.2,71,35,11.41
293,Klaksvik,FO,2022-06-15 12:35:31,62.2266,-6.589,50.92,96,100,14.38
294,Tilichiki,RU,2022-06-15 12:35:31,60.4667,166.1,43.79,85,6,5.26
295,Kalabo,ZM,2022-06-15 12:35:32,-14.97,22.6814,85.12,20,1,2.21
296,Burns Lake,CA,2022-06-15 12:35:32,54.2331,-125.7533,31.42,87,0,2.66
297,Porto Seguro,BR,2022-06-15 12:35:33,-16.4497,-39.0647,70.32,78,75,5.75
298,Leningradskiy,RU,2022-06-15 12:35:34,69.3833,178.4167,32.95,90,100,14.5
299,Dalvik,IS,2022-06-15 12:35:34,65.9702,-18.5286,60.73,67,67,6.76
300,Andenes,NO,2022-06-15 12:35:35,69.3143,16.1194,48.18,76,75,9.22
301,Yarim,YE,2022-06-15 12:35:35,14.298,44.3779,78.04,11,28,21.85
302,Scottsbluff,US,2022-06-15 12:35:36,41.8666,-103.6672,57.29,30,0,6.91
303,Vilyuysk,RU,2022-06-15 12:35:36,63.7553,121.6247,61.52,70,100,4.74
304,Thanh Hoa,VN,2022-06-15 12:35:37,19.8,105.7667,77.63,91,100,0.34
305,Noumea,NC,2022-06-15 12:35:37,-22.2763,166.4572,75.0,99,77,10.89
306,Vigia Del Fuerte,CO,2022-06-15 12:35:38,6.5789,-76.8863,75.11,93,85,3.6
307,Khvastovichi,RU,2022-06-15 12:34:25,53.4694,35.0941,65.39,56,61,11.36
308,Vorobyevka,RU,2022-06-15 12:35:39,50.6451,40.9245,64.54,86,100,12.41
309,Dikson,RU,2022-06-15 12:35:40,73.5069,80.5464,38.61,75,14,6.62
310,Storforshei,NO,2022-06-15 12:35:40,66.4043,14.5233,55.18,66,75,9.22
311,Treinta Y Tres,UY,2022-06-15 12:35:41,-33.2333,-54.3833,55.24,71,7,4.18
312,Ostrovnoy,RU,2022-06-15 12:35:41,68.0531,39.5131,59.95,55,100,14.81
313,Jiuquan,CN,2022-06-15 12:36:42,39.7432,98.5174,83.14,6,100,9.35
314,Lavrentiya,RU,2022-06-15 12:36:42,65.5833,-171.0,36.55,99,100,7.83
315,Mingoyo,TZ,2022-06-15 12:36:43,-10.1,39.6333,84.61,54,29,10.63
316,Aripuana,BR,2022-06-15 12:36:43,-9.1667,-60.6333,76.44,65,91,1.63
317,Labrea,BR,2022-06-15 12:36:44,-7.2586,-64.7981,78.39,71,40,0.36
318,Bambous Virieux,MU,2022-06-15 12:36:44,-20.3428,57.7575,76.21,83,75,13.8
319,Sulphur Springs,US,2022-06-15 12:36:45,33.1385,-95.6011,79.92,83,0,0.0
320,La Montanita,CO,2022-06-15 12:36:46,1.4766,-75.4398,73.44,77,39,1.23
321,Severo-Kurilsk,RU,2022-06-15 12:36:46,50.6789,156.125,47.64,89,96,7.96
322,Luanda,AO,2022-06-15 12:36:45,-8.8368,13.2343,77.58,66,100,13.58
323,San Pablo,PH,2022-06-15 12:36:47,14.0669,121.3258,79.9,91,99,2.06
324,Santa Maria,BR,2022-06-15 12:36:47,-29.6842,-53.8069,56.5,67,0,13.8
325,Fortuna,US,2022-06-15 12:36:48,40.5982,-124.1573,52.93,66,100,3.44
326,Keningau,MY,2022-06-15 12:36:48,5.3378,116.1602,72.46,98,97,2.8
327,Kaeo,NZ,2022-06-15 12:36:49,-35.1,173.7833,49.32,94,8,4.59
328,Edd,ER,2022-06-15 12:36:49,13.9297,41.6925,91.76,59,96,20.02
329,Cherskiy,RU,2022-06-15 12:33:10,68.75,161.3,52.43,44,0,6.91
330,Kavaratti,IN,2022-06-15 12:36:51,10.5669,72.642,83.52,74,100,20.71
331,Chumikan,RU,2022-06-15 12:36:52,54.7183,135.315,36.18,99,100,4.12
332,Lat Yao,TH,2022-06-15 12:36:52,15.751,99.7893,88.86,55,92,6.15
333,Collie,AU,2022-06-15 12:36:53,-33.3667,116.15,50.85,94,6,3.8
334,San Jeronimo,PE,2022-06-15 12:36:53,-11.9472,-75.2829,46.4,70,2,1.36
335,Pitanga,BR,2022-06-15 12:36:54,-24.7572,-51.7614,55.96,76,100,5.61
336,Sungaipenuh,ID,2022-06-15 12:36:54,-2.0833,101.3833,64.22,98,99,2.06
337,Uirauna,BR,2022-06-15 12:36:55,-6.5183,-38.4122,78.82,66,76,6.06
338,Palmer,US,2022-06-15 12:36:55,42.1584,-72.3287,71.06,64,40,1.99
339,Bathsheba,BB,2022-06-15 12:36:56,13.2167,-59.5167,84.81,79,75,18.41
340,Nanortalik,GL,2022-06-15 12:36:57,60.1432,-45.2371,38.53,88,55,2.75
341,Shimoda,JP,2022-06-15 12:36:57,34.6667,138.95,63.1,89,100,7.47
342,Grindavik,IS,2022-06-15 12:36:58,63.8424,-22.4338,52.27,71,75,17.27
343,Price,US,2022-06-15 12:36:58,39.5994,-110.8107,47.46,31,0,10.36
344,Marsa Matruh,EG,2022-06-15 12:36:59,31.3525,27.2453,82.6,57,0,11.5
345,Excelsior Springs,US,2022-06-15 12:36:59,39.3392,-94.2261,81.3,74,0,8.05
346,Vanavara,RU,2022-06-15 12:37:00,60.34,102.2797,68.27,69,52,3.31
347,Darnah,LY,2022-06-15 12:37:00,32.767,22.6367,78.12,63,0,15.26
348,Vysokovsk,RU,2022-06-15 12:32:39,56.3167,36.55,60.46,62,67,15.01
349,Gat,IL,2022-06-15 12:37:01,31.61,34.7642,87.4,27,0,14.56
350,Vostok,RU,2022-06-15 12:37:02,46.4856,135.8833,53.51,87,100,4.16
351,Te Anau,NZ,2022-06-15 12:37:02,-45.4167,167.7167,43.45,95,100,5.59
352,Ulefoss,NO,2022-06-15 12:37:03,59.2838,9.2646,73.09,59,100,5.03
353,Egvekinot,RU,2022-06-15 12:37:03,66.3167,-179.1667,28.67,95,98,4.85
354,Quatre Cocos,MU,2022-06-15 12:37:04,-20.2078,57.7625,76.08,75,19,16.37
355,Kharp,RU,2022-06-15 12:37:04,66.8014,65.8081,69.67,32,88,11.43
356,Roald,NO,2022-06-15 12:37:05,62.5833,6.1333,64.17,72,75,4.61
357,Pahrump,US,2022-06-15 12:37:05,36.2083,-115.9839,69.85,15,0,1.88
358,Kyzyl-Suu,KG,2022-06-15 12:37:07,42.3414,78.0056,58.57,71,100,6.85
359,Brza Palanka,RS,2022-06-15 12:38:07,44.4709,22.444,75.45,49,14,9.8
360,Mazara Del Vallo,IT,2022-06-15 12:38:08,37.6641,12.588,92.93,62,0,9.28
361,Moscow,RU,2022-06-15 12:34:13,55.7522,37.6156,68.23,54,58,14.32
362,Caconda,AO,2022-06-15 12:38:09,-13.7333,15.0667,78.91,9,6,6.67
363,Baghdad,IQ,2022-06-15 12:35:36,33.3406,44.4009,105.71,13,0,12.66
364,Montevideo,UY,2022-06-15 12:33:56,-34.8335,-56.1674,53.51,89,0,6.91
365,Palora,EC,2022-06-15 12:38:10,-1.7,-77.9333,66.31,71,12,0.31
366,Atambua,ID,2022-06-15 12:38:11,-9.1061,124.8925,72.01,85,51,5.5
367,Tyrma,RU,2022-06-15 12:38:11,50.0833,132.1667,61.54,77,100,1.48
368,Yaan,NG,2022-06-15 12:38:12,7.3833,8.5667,88.84,53,76,5.35
369,Muhos,FI,2022-06-15 12:38:12,64.808,25.9931,65.98,75,100,5.1
370,Toowoomba,AU,2022-06-15 12:38:13,-27.55,151.9667,51.26,90,97,2.17
371,San Patricio,US,2022-06-15 12:38:13,28.017,-97.5169,82.85,77,100,12.48
372,Ngunguru,NZ,2022-06-15 12:38:14,-35.6167,174.5,52.66,82,10,8.03
373,Sirjan,IR,2022-06-15 12:37:19,29.452,55.6814,96.17,7,2,9.82
374,Omboue,GA,2022-06-15 12:38:15,-1.5746,9.2618,80.96,64,47,12.77
375,Paita,PE,2022-06-15 12:38:06,-5.0892,-81.1144,63.34,79,2,14.16
376,Cuamba,MZ,2022-06-15 12:38:16,-14.8031,36.5372,84.13,30,49,4.65
377,Nyurba,RU,2022-06-15 12:38:17,63.2842,118.3319,59.2,78,89,4.23
378,Baherden,TM,2022-06-15 12:38:17,38.4362,57.4316,99.19,20,0,5.17
379,Lubao,PH,2022-06-15 12:38:18,14.9167,120.55,85.71,79,100,3.4
380,Boda,CF,2022-06-15 12:38:18,4.3189,17.4695,87.51,50,100,2.73
381,Vung Tau,VN,2022-06-15 12:38:19,10.346,107.0843,84.67,72,100,8.77
382,Tacuarembo,UY,2022-06-15 12:38:19,-31.7333,-55.9833,55.8,75,7,3.98
383,Hanzhong,CN,2022-06-15 12:38:20,33.0728,107.0303,78.01,53,0,5.46
384,Buchanan,LR,2022-06-15 12:38:21,5.8808,-10.0467,80.69,79,97,12.26
385,Goroka,PG,2022-06-15 12:38:21,-6.0834,145.3873,59.22,96,92,0.96
386,Kilindoni,TZ,2022-06-15 12:38:22,-7.9139,39.6668,79.38,68,0,9.17
387,Komatipoort,ZA,2022-06-15 12:38:22,-25.4332,31.9548,74.43,34,4,10.33
388,Auki,SB,2022-06-15 12:38:23,-8.7676,160.7034,77.61,87,100,4.5
389,Vao,NC,2022-06-15 12:38:23,-22.6667,167.4833,72.77,83,100,23.38
390,Bubaque,GW,2022-06-15 12:38:24,11.2833,-15.8333,80.58,81,100,11.65
391,Lichuan,CN,2022-06-15 12:35:59,30.3,108.85,66.6,76,100,2.57
392,Grand Gaube,MU,2022-06-15 12:38:25,-20.0064,57.6608,76.37,67,4,8.99
393,Bowmore,US,2022-06-15 12:38:25,34.9421,-79.3031,82.74,74,0,8.05
394,Obihiro,JP,2022-06-15 12:38:26,42.9172,143.2044,52.16,90,100,3.02
395,Camopi,GF,2022-06-15 12:38:26,3.1655,-52.3158,79.99,74,84,3.38
396,Itarema,BR,2022-06-15 12:38:27,-2.9248,-39.9167,81.57,62,10,14.65
397,Vagur,FO,2022-06-15 12:38:27,61.4732,-6.8119,48.18,97,100,10.33
398,Ambagarh Chauki,IN,2022-06-15 12:38:28,20.7833,80.7167,93.51,43,72,9.44
399,San Gabriel Casa Blanca,MX,2022-06-15 12:38:28,18.15,-97.1333,69.87,94,100,3.09
400,Xining,CN,2022-06-15 12:38:29,36.6167,101.7667,66.43,25,100,4.05
401,Dunbar,US,2022-06-15 12:38:29,38.3606,-81.7374,82.99,91,75,1.01
402,Porto Walter,BR,2022-06-15 12:38:30,-8.2686,-72.7439,69.51,62,94,1.07
403,Rawson,AR,2022-06-15 12:38:30,-43.3002,-65.1023,45.03,73,7,3.47
404,Nishihara,JP,2022-06-15 12:38:31,26.1842,127.7558,74.48,97,100,12.66
405,San Cosme Y Damian,PY,2022-06-15 12:38:31,-27.3167,-56.35,56.89,75,0,8.03
406,Soria,ES,2022-06-15 12:38:32,41.6667,-2.6667,97.11,24,1,8.25
407,Lugovoy,KZ,2022-06-15 12:39:32,42.9472,72.7644,75.43,49,81,8.88
408,Vangaindrano,MG,2022-06-15 12:39:33,-23.35,47.6,73.47,83,44,7.94
409,Vestmannaeyjar,IS,2022-06-15 12:39:34,63.4427,-20.2734,52.79,76,40,12.66
410,Hammerfest,NO,2022-06-15 12:39:34,70.6634,23.6821,45.05,76,75,12.66
411,Lakes Entrance,AU,2022-06-15 12:39:35,-37.8811,147.981,53.1,70,99,8.59
412,Ewa Beach,US,2022-06-15 12:39:35,21.3156,-158.0072,75.15,74,0,6.91
413,Gopalpur,IN,2022-06-15 12:39:36,19.2667,84.9167,85.06,80,100,14.27
414,Abaete,BR,2022-06-15 12:39:36,-19.16,-45.4458,68.02,56,100,3.89
415,Zaria,NG,2022-06-15 12:39:37,11.1113,7.7227,96.35,28,86,8.05
416,Muisne,EC,2022-06-15 12:39:37,0.6,-80.0333,75.63,87,100,10.89
417,Ambon,ID,2022-06-15 12:39:38,-3.6954,128.1814,78.24,15,40,3.44
418,Saint-Vallier,FR,2022-06-15 12:39:38,46.6411,4.3711,93.97,33,0,6.55
419,Barra Do Garcas,BR,2022-06-15 12:39:39,-15.89,-52.2567,70.38,68,0,0.0
420,Heihe,CN,2022-06-15 12:39:39,50.2441,127.4902,66.78,88,57,3.27
421,Kurumkan,RU,2022-06-15 12:39:40,54.3,110.3,68.83,49,40,5.84
422,Sovetskiy,RU,2022-06-15 12:39:40,61.3614,63.5842,73.18,33,85,5.46
423,Cullman,US,2022-06-15 12:39:41,34.1748,-86.8436,80.6,89,0,0.0
424,Florianopolis,BR,2022-06-15 12:39:41,-27.6146,-48.5012,64.13,83,0,11.5
425,Polson,US,2022-06-15 12:39:42,47.6936,-114.1632,49.21,83,100,6.73
426,Thyboron,DK,2022-06-15 12:39:29,56.6985,8.2124,62.19,81,100,13.24
427,Yerbogachen,RU,2022-06-15 12:39:43,61.2767,108.0108,65.07,64,32,4.76
428,Queanbeyan,AU,2022-06-15 12:39:43,-35.35,149.2333,43.18,93,75,4.61
429,Natchitoches,US,2022-06-15 12:39:44,31.7668,-93.1335,76.05,85,16,6.78
430,Comodoro Rivadavia,AR,2022-06-15 12:39:44,-45.8667,-67.5,31.86,93,0,4.61
431,Lerik,AZ,2022-06-15 12:39:45,38.7726,48.4128,79.52,63,100,5.5
432,Port Blair,IN,2022-06-15 12:39:45,11.6667,92.75,84.24,79,40,5.75
433,Saint-Francois,FR,2022-06-15 12:39:46,46.4154,3.9054,91.67,43,0,3.44
434,Road Town,VG,2022-06-15 12:39:46,18.4167,-64.6167,82.49,83,40,6.91
435,Zhanaozen,KZ,2022-06-15 12:39:47,43.3,52.8,94.39,17,100,16.49
436,Statesville,US,2022-06-15 12:39:47,35.7826,-80.8873,82.71,60,0,5.75
437,Labuan,MY,2022-06-15 12:39:48,5.2767,115.2417,82.76,83,40,0.0
438,Sol-Iletsk,RU,2022-06-15 12:39:48,51.1631,54.9918,77.59,37,46,6.17
439,Edmundston,CA,2022-06-15 12:39:49,47.3737,-68.3251,60.75,88,40,4.61
440,Shelburne,CA,2022-06-15 12:39:49,44.0787,-80.2041,66.99,58,100,8.05
441,Fairlie,GB,2022-06-15 12:39:50,55.756,-4.8556,68.49,71,85,9.84
442,Brownsville,US,2022-06-15 12:39:50,25.9018,-97.4975,81.99,87,0,6.91
443,Sailana,IN,2022-06-15 12:39:51,23.4667,74.9167,94.91,32,73,12.88
444,Torrington,US,2022-06-15 12:39:51,41.8007,-73.1212,70.68,75,48,1.99
445,Tocopilla,CL,2022-06-15 12:39:52,-22.092,-70.1979,60.24,64,18,2.95
446,Takoradi,GH,2022-06-15 12:39:52,4.8845,-1.7554,78.19,87,100,11.92
447,Tacoronte,ES,2022-06-15 12:39:53,28.4769,-16.4102,73.45,66,20,16.11
448,Port Hedland,AU,2022-06-15 12:39:53,-20.3167,118.5667,69.85,73,37,0.0
449,Byron Bay,AU,2022-06-15 12:39:54,-28.65,153.6167,57.94,84,0,5.91
450,Pangoa,PE,2022-06-15 12:39:54,-12.1167,-73.0,67.32,69,5,1.81
451,Taoudenni,ML,2022-06-15 12:39:55,22.6783,-3.9836,109.42,6,0,5.64
452,Guerrero Negro,MX,2022-06-15 12:39:55,27.9769,-114.0611,60.26,92,1,9.06
453,Sayat,TM,2022-06-15 12:39:56,38.7839,63.8803,102.07,10,0,16.98
454,Alekseyevsk,RU,2022-06-15 12:39:56,57.8406,108.3492,65.52,69,14,0.72
455,Richards Bay,ZA,2022-06-15 12:39:57,-28.783,32.0377,64.89,54,45,13.09
456,Pohrebyshche,UA,2022-06-15 12:40:58,49.4864,29.2636,65.01,49,71,10.51
457,Hamilton,US,2022-06-15 12:40:59,39.1834,-84.5333,84.74,84,20,3.44
458,Bartica,GY,2022-06-15 12:40:59,6.4,-58.6167,79.12,88,15,2.1
459,Inverell,AU,2022-06-15 12:41:00,-29.7833,151.1167,49.15,82,0,3.44
460,Batagay-Alyta,RU,2022-06-15 12:41:01,67.8006,130.4114,52.7,80,81,9.84
461,Pandan,PH,2022-06-15 12:41:01,14.0453,124.1694,82.0,80,19,9.75
462,Sitangkai,PH,2022-06-15 12:41:02,4.6628,119.3928,84.18,73,86,11.27
463,Karasjok,NO,2022-06-15 12:41:02,69.4719,25.5112,50.99,56,98,11.81
464,Marzuq,YE,2022-06-15 12:41:03,14.4,46.4667,96.49,9,48,14.18
465,San Cristobal,VE,2022-06-15 12:41:03,7.7669,-72.225,73.58,96,100,4.68
466,Kurchum,KZ,2022-06-15 12:41:04,48.5722,83.6542,68.72,63,44,7.99
467,Mustasaari,FI,2022-06-15 12:38:31,63.1142,21.6822,66.24,55,75,11.5
468,Kortkeros,RU,2022-06-15 12:41:05,61.8106,51.5806,78.8,34,100,4.32
469,Saint-Pierre,RE,2022-06-15 12:41:06,-21.3393,55.4781,76.91,65,75,2.3
470,Charyshskoye,RU,2022-06-15 12:41:06,51.3978,83.5598,66.0,78,100,3.06
471,George,ZA,2022-06-15 12:41:07,-33.963,22.4617,54.95,62,40,12.66
472,Conceicao Do Araguaia,BR,2022-06-15 12:41:07,-8.2578,-49.2647,83.73,57,6,7.87
473,Lima,PE,2022-06-15 12:36:31,-12.0432,-77.0282,53.85,82,75,2.3
474,Misratah,LY,2022-06-15 12:41:08,32.3754,15.0925,81.32,46,0,12.01
475,Bridgetown,BB,2022-06-15 12:41:09,13.1,-59.6167,84.69,79,75,18.41
476,Marfino,RU,2022-06-15 12:41:09,55.7028,37.3822,65.88,55,75,13.42
477,Morrope,PE,2022-06-15 12:41:10,-6.5417,-80.0111,59.11,77,4,11.27
478,Saint-Ambroise,CA,2022-06-15 12:41:11,48.5501,-71.3324,59.31,100,4,2.3
479,Margate,GB,2022-06-15 12:41:13,51.3813,1.3862,76.1,60,40,10.31
480,Port Hardy,CA,2022-06-15 12:41:14,50.6996,-127.4199,48.38,93,100,2.3
481,Bilibino,RU,2022-06-15 12:41:14,68.0546,166.4372,44.53,59,0,6.38
482,Newport,GB,2022-06-15 12:37:42,51.5877,-2.9984,76.68,61,100,8.01
483,Solnechnyy,RU,2022-06-15 12:41:15,50.7214,136.6319,61.9,74,2,5.12
484,Aragarcas,BR,2022-06-15 12:41:15,-15.8975,-52.2508,70.45,68,0,0.0
485,Touros,BR,2022-06-15 12:41:16,-5.1989,-35.4608,83.66,54,6,14.81
486,Zhigansk,RU,2022-06-15 12:41:16,66.7697,123.3711,57.45,64,12,16.64
487,Pontianak,ID,2022-06-15 12:41:17,-0.0333,109.3333,80.58,83,40,3.44
488,Tazovskiy,RU,2022-06-15 12:41:18,67.4667,78.7,56.98,83,100,11.32
489,San Clemente,US,2022-06-15 12:41:18,33.427,-117.612,65.16,90,0,11.99
490,Belmonte,BR,2022-06-15 12:41:18,-15.8631,-38.8828,74.25,62,100,10.87
491,Adrar,MR,2022-06-15 12:41:19,20.5022,-10.0711,106.12,15,11,13.85
492,Chingirlau,KZ,2022-06-15 12:41:19,51.095,54.0814,79.12,34,44,6.67
493,Tigzirt,DZ,2022-06-15 12:41:19,36.8886,4.1198,87.12,47,23,7.25
494,Paamiut,GL,2022-06-15 12:41:20,61.994,-49.6678,38.32,69,5,13.71
495,Encruzilhada Do Sul,BR,2022-06-15 12:41:21,-30.5439,-52.5219,54.82,75,0,2.44
496,Cururupu,BR,2022-06-15 12:41:21,-1.8283,-44.8683,85.44,58,94,7.7
497,Elat,IL,2022-06-15 12:41:21,29.5581,34.9482,98.44,23,0,11.5
498,Mananara,MG,2022-06-15 12:42:22,-16.1667,49.7667,73.31,91,48,6.2
499,Boguchany,RU,2022-06-15 12:42:22,58.3814,97.4531,73.71,61,58,3.83
500,Puerto Escondido,MX,2022-06-15 12:42:23,15.85,-97.0667,77.32,81,100,10.04
501,Alekseyevka,RU,2022-06-15 12:42:23,50.6309,38.6903,57.11,89,100,4.23
502,Bjornevatn,NO,2022-06-15 12:42:24,69.6672,29.9847,46.74,66,75,10.36
503,Port Lincoln,AU,2022-06-15 12:42:24,-34.7333,135.8667,57.56,78,19,8.5
504,Garissa,KE,2022-06-15 12:42:25,-0.4536,39.6401,94.41,29,1,15.93
505,Mahebourg,MU,2022-06-15 12:42:25,-20.4081,57.7,76.24,83,75,13.8
506,Sao Felix Do Xingu,BR,2022-06-15 12:42:25,-6.6447,-51.995,81.25,66,54,4.18
507,Tabou,CI,2022-06-15 12:42:26,4.423,-7.3528,77.79,87,100,8.57
508,Cristalina,BR,2022-06-15 12:42:26,-16.7686,-47.6136,68.38,58,100,9.15
509,Maloy,NO,2022-06-15 12:42:27,61.9353,5.1136,56.93,89,100,12.26
510,Lagos,NG,2022-06-15 12:42:10,6.5833,3.75,77.32,89,100,7.96
511,Saint-Joseph,RE,2022-06-15 12:42:27,-21.3667,55.6167,75.58,78,20,12.46
512,Roma,US,2022-06-15 12:42:28,43.2128,-75.4557,74.73,74,46,1.99
513,Samfya,ZM,2022-06-15 12:42:28,-11.3649,29.5565,81.09,29,2,1.57
514,Taywarah,AF,2022-06-15 12:42:29,33.35,64.4167,76.82,14,60,20.6
515,Reyes,BO,2022-06-15 12:42:29,-14.3167,-67.3833,59.16,100,0,0.0
516,Berlevag,NO,2022-06-15 12:42:18,70.8578,29.0864,44.55,87,75,6.91
517,Valdivia,CL,2022-06-15 12:42:30,-39.8142,-73.2459,44.69,98,68,1.36
518,Vila Franca Do Campo,PT,2022-06-15 12:42:30,37.7167,-25.4333,72.19,80,83,6.44
519,Chase,CA,2022-06-15 12:42:31,50.8165,-119.6857,49.32,88,13,2.55
520,Puerto Del Rosario,ES,2022-06-15 12:42:31,28.5004,-13.8627,78.55,57,20,17.27
521,Ushtobe,KZ,2022-06-15 12:42:32,45.2514,77.9838,80.49,37,97,3.71
522,Avera,US,2022-06-15 12:42:14,33.194,-82.5271,81.55,63,26,4.9
523,Novaya Ladoga,RU,2022-06-15 12:42:32,60.1025,32.3019,54.43,84,99,2.62
524,Kita,ML,2022-06-15 12:42:33,13.0349,-9.4895,95.85,38,66,10.07
525,Boa Vista,BR,2022-06-15 12:42:33,2.8197,-60.6733,76.98,88,75,3.44
526,Tigil,RU,2022-06-15 12:42:34,57.8,158.6667,44.24,80,100,1.39
527,Bose,IT,2022-06-15 12:42:34,45.4612,8.0137,82.29,59,100,3.36
528,Valer,NO,2022-06-15 12:42:35,60.6785,11.8331,66.7,52,100,2.59
529,Caravelas,BR,2022-06-15 12:42:35,-17.7125,-39.2481,76.84,48,70,8.68
530,Winnemucca,US,2022-06-15 12:42:36,40.973,-117.7357,42.85,45,0,12.66
531,Chitral,PK,2022-06-15 12:42:36,35.8462,71.7858,80.8,34,36,6.42
532,Denpasar,ID,2022-06-15 12:41:36,-8.65,115.2167,83.86,84,40,9.22
533,Kidal,ML,2022-06-15 12:42:37,18.4411,1.4078,104.76,19,1,9.28
534,Taloqan,AF,2022-06-15 12:42:37,36.7361,69.5345,97.25,13,6,5.66
535,Khandyga,RU,2022-06-15 12:42:37,62.6667,135.6,53.02,89,100,3.67
536,Algiers,DZ,2022-06-15 12:42:38,36.7525,3.042,91.22,36,0,6.91
537,Birjand,IR,2022-06-15 12:42:38,32.8663,59.2211,100.87,5,40,11.5
538,Blagoveshchenka,RU,2022-06-15 12:42:39,52.8333,79.8667,63.86,65,98,7.2
539,Sukumo,JP,2022-06-15 12:42:39,32.9333,132.7333,70.07,97,100,2.04
540,Ladario,BR,2022-06-15 12:42:40,-19.0047,-57.6017,71.89,49,0,10.36
541,San Fernando,PH,2022-06-15 12:42:40,15.0286,120.6898,85.73,79,100,3.0
542,Bemidji,US,2022-06-15 12:40:34,47.4736,-94.8803,63.91,97,0,4.61
543,Ayr,GB,2022-06-15 12:43:41,55.4627,-4.6339,66.09,63,20,9.22
544,Andzhiyevskiy,RU,2022-06-15 12:43:41,44.23,43.08,77.07,65,75,8.99
545,Sola,VU,2022-06-15 12:43:42,-13.8833,167.55,77.67,94,100,0.0
546,Mangai,CD,2022-06-15 12:43:42,-4.05,19.5333,88.7,44,100,3.24
547,Maraa,BR,2022-06-15 12:43:42,-1.8333,-65.3667,75.31,91,76,0.29
548,Lusambo,CD,2022-06-15 12:43:43,-4.9667,23.45,97.72,24,71,1.9
549,Camacupa,AO,2022-06-15 12:43:44,-12.0167,17.4833,81.46,15,99,3.58
550,Ilulissat,GL,2022-06-15 12:42:02,69.2167,-51.1,35.62,64,75,9.22
551,Harnosand,SE,2022-06-15 12:43:44,62.6323,17.9379,66.2,48,48,15.03
552,Vestmanna,FO,2022-06-15 12:43:45,62.1564,-7.1664,49.12,100,100,9.22
